"Page","Src"
"/about/index.html",""
"/blog/acuti-modo/index.html","/assets/images/landing-c8026fb8.jpeg"
"/blog/best-mulch-edmonton/index.html",""
"/blog/best-time-install-sod-edmonton/index.html",""
"/blog/canitiem-saxa/index.html","/assets/images/landing-c8026fb8.jpeg"
"/blog/canitiem-saxa/index.html","/assets/images/landing-f66fa7be.jpeg"
"/blog/choose-landscaper-edmonton/index.html",""
"/blog/final-grading-edmonton/index.html",""
"/blog/index.html",""
"/blog/lawn-problems-edmonton/index.html",""
"/blog/patio-cost-edmonton/index.html",""
"/blog/prepare-snow-removal-edmonton/index.html",""
"/blog/retaining-wall-cost-edmonton/index.html",""
"/blog/spring-lawn-care-edmonton/index.html",""
"/blog/sucos-creati/index.html","/assets/images/landing-c8026fb8.jpeg"
"/commercial/commercial-landscaping/index.html",""
"/commercial/commercial-maintenance/index.html",""
"/commercial/commercial-snow-removal/index.html",""
"/commercial/index.html",""
"/contact/index.html",""
"/final-grading/edmonton/index.html",""
"/final-grading/sherwood-park/index.html",""
"/final-grading/st-albert/index.html",""
"/hardscaping/edmonton/index.html",""
"/hardscaping/st-albert/index.html",""
"/index.html",""
"/locations/edmonton/index.html",""
"/locations/sherwood-park/index.html",""
"/locations/st-albert/index.html",""
"/paving-stones/edmonton/index.html",""
"/paving-stones/st-albert/index.html",""
"/portfolio/index.html",""
"/portfolio/index.html",""
"/residential/index.html",""
"/services/artificial-grass/index.html",""
"/services/fences/index.html",""
"/services/final-grading/index.html",""
"/services/hardscaping/index.html",""
"/services/landscape-design/index.html",""
"/services/lawn-maintenance/index.html",""
"/services/paving-stones/index.html",""
"/services/snow-removal/index.html",""
"/services/sod-installation/index.html",""
"/sod-installation/edmonton/index.html",""
"/sod-installation/sherwood-park/index.html",""
"/sod-installation/st-albert/index.html",""
