"Src","SizeKB"
"/assets/images/before-final-grading.webp","5024.6"
"/assets/images/sod-installation-after-final-grading.webp","4207.7"
"/assets/images/portfolio/commercial-lawn-mowing-large-property-edmonton.jpg","887.1"
"/assets/images/services-residential-overview.webp","741.5"
"/assets/images/services-landscape-design.webp","719.5"
"/assets/images/final-grading-in-edmonton.webp","646.3"
"/assets/images/sod-installation-after-final-grading-69cf0db9.webp","619.7"
"/assets/images/portfolio/custom-landscape-design-front-yard-edmonton.jpg","563.5"
"/assets/images/services-hardscaping-home.webp","508.3"
"/assets/images/commercial-lawn-mowing-large-property-edmonton-8aef8dda.avif","448.1"
"/assets/images/commercial-lawn-mowing-large-property-edmonton-c6479cc2.jpeg","418.1"
"/assets/images/Lush-looking-artificial-turf.webp","409.7"
"/assets/images/commercial-lawn-mowing-large-property-edmonton-dbdf0eb3.jpeg","383.7"
"/assets/images/final-grading-in-edmonton-1bf4dcef.jpeg","382.5"
"/assets/images/final-grading-in-edmonton-3beae1cf.jpeg","378.2"
"/assets/images/construction-53b4595f.jpeg","378"
"/assets/images/landscape-edging-river-rock-installation-edmonton.jpg","377.4"
"/assets/images/portfolio/landscape-edging-river-rock-installation-edmonton.jpg","377.4"
"/assets/images/construction-35f09938.avif","372.2"
"/assets/images/lush-grass-looking-in-edmonton-8392f49a.jpeg","370.2"
"/assets/images/multi-family-property-landscaping-sod-installation-edmonton-1961a77c.jpeg","365.4"
"/assets/images/lush-grass-looking-in-edmonton-236c77e1.jpeg","364.9"
"/assets/images/portfolio/multi-family-property-landscaping-sod-installation-edmonton.jpg","359.9"
"/assets/images/nice-shrub-and-flower-bed-with-mulch-for-front-house-a0995b83.jpeg","358.9"
"/assets/images/commercial-lawn-mowing-large-property-edmonton-c3ecec3a.webp","356.8"
"/assets/images/nice-shrub-and-flower-bed-with-mulch-for-front-house-67d40080.jpeg","354.9"
"/assets/images/portfolio/commercial-building-landscape-installation-edmonton.jpg","353.5"
"/assets/images/landscape-edging-river-rock-installation-edmonton-211d4793.jpeg","350.8"
"/assets/images/final-grading-in-edmonton-b5f7bc44.avif","346"
"/assets/images/final-grading-in-edmonton-27bf229b.avif","345.5"
"/assets/images/multi-family-property-landscaping-sod-installation-edmonton-e1ef17df.jpeg","343.7"
"/assets/images/lush-grass-looking-in-edmonton-e8ec70e0.avif","343.5"
"/assets/images/lush-grass-looking-in-edmonton-d5ea7228.avif","343"
"/assets/images/multi-family-property-landscaping-sod-installation-edmonton-5dee1549.avif","331.8"
"/assets/images/Lush-looking-artificial-turf-fa1500f0.webp","330.9"
"/assets/images/construction-d547e449.avif","330.8"
"/assets/images/sod-installation-after-final-grading-3b2a8e3c.webp","329.1"
"/assets/images/portfolio/commercial-landscaping-service-station-edmonton.jpg","325.3"
"/assets/images/construction-1439e169.jpeg","325.3"
"/assets/images/nice-shrub-and-flower-bed-with-mulch-for-front-house-65657a98.avif","322.9"
"/assets/images/residential-lawn-care.webp","322"
"/assets/images/nice-shrub-and-flower-bed-with-mulch-for-front-house-01e8a047.avif","321.7"
"/assets/images/final-grading-in-edmonton-f430c9ea.webp","320.4"
"/assets/images/fresh-sod-installation-08f7db38.jpeg","319.5"
"/assets/images/final-grading-in-edmonton-cae91463.webp","319.5"
"/assets/images/services-hardscaping-home-3ca0e49a.webp","317"
"/assets/images/fresh-sod-installation-f107c126.jpeg","315.5"
"/assets/images/boulder-and-rock-bed-28710dc2.jpeg","311.2"
"/assets/images/construction-a3f212a0.webp","309.7"
"/assets/images/lush-grass-looking-in-edmonton-c91b9913.webp","308.8"
"/assets/images/boulder-and-rock-bed-6f7d172d.jpeg","307.5"
"/assets/images/lush-grass-looking-in-edmonton-08181015.webp","307.1"
"/assets/images/crew-for-snow-removal-commercial.webp","295"
"/assets/images/artificial-grass-edmonton-d227fa06.webp","288.2"
"/assets/images/final-grading-in-edmonton-7a868480.jpeg","285.6"
"/assets/images/lush-grass-looking-in-edmonton-7b2f68e1.jpeg","283.5"
"/assets/images/artificial-grass-edmonton-b887da1c.avif","283.4"
"/assets/images/nice-shrub-and-flower-bed-with-mulch-for-front-house-2c2fb862.webp","283.3"
"/assets/images/nice-shrub-and-flower-bed-with-mulch-for-front-house-a5850225.webp","281.4"
"/assets/images/landscape-edging-river-rock-installation-edmonton-227a6e1c.jpeg","280.9"
"/assets/images/artificial-grass-edmonton-714c9132.jpeg","278.1"
"/assets/images/custom-landscape-design-front-yard-edmonton-4d07ffcc.avif","277.2"
"/assets/images/custom-landscape-design-front-yard-edmonton-0fb188b5.jpeg","275.3"
"/assets/images/multi-family-property-landscaping-sod-installation-edmonton-e6a9f652.webp","271"
"/assets/images/lush-grass-looking-in-edmonton-12b9f9e2.avif","268.7"
"/assets/images/construction-b63569d4.webp","268.2"
"/assets/images/nice-shrub-and-flower-bed-with-mulch-for-front-house-e8b19d8c.jpeg","266.7"
"/assets/images/fresh-grass-cut-edmonton-residential-8f8f2e64.jpeg","264.8"
"/assets/images/final-grading-in-edmonton-967057a9.avif","264.6"
"/assets/images/edmonton-sod-installation-finished-lawn.webp","263.6"
"/assets/images/fresh-grass-cut-edmonton-residential-e21ac818.jpeg","263.1"
"/assets/images/portfolio/circular-interlocking-paver-patio-design-edmonton.jpg","259.5"
"/assets/images/paving-stone-nice-seating-area.webp","256.2"
"/assets/images/multi-family-property-landscaping-sod-installation-edmonton-5226f62b.jpeg","256.1"
"/assets/images/landscape-edging-river-rock-installation-edmonton-50237ce0.jpeg","253.4"
"/assets/images/multi-family-property-landscaping-sod-installation-edmonton-f7041d8f.avif","253.2"
"/assets/images/drone-picture-of-patio-we-did-in-riverbend-e9c4f611.jpeg","252.6"
"/assets/images/multi-family-property-landscaping-sod-installation-edmonton-81874f81.jpeg","251.1"
"/assets/images/drone-picture-of-patio-we-did-in-riverbend-4d6c5f2c.jpeg","249.8"
"/assets/images/backyard-patio-firepit-retaining-wall-edmonton-9a36b228.jpeg","248.2"
"/assets/images/fresh-sod-installation-5cff9999.webp","245.9"
"/assets/images/fresh-sod-installation-35958f37.jpeg","245.9"
"/assets/images/fresh-sod-installation-5900b0b8.webp","245.8"
"/assets/images/interlocking-paving-stones-looking-great-a2b72dfd.webp","245.5"
"/assets/images/services-landscape-design-98775833.webp","244.9"
"/assets/images/artificial-grass-edmonton-a90745c5.webp","244.5"
"/assets/images/lush-grass-looking-in-edmonton-33d6cadb.webp","243.2"
"/assets/images/boulder-and-rock-bed-4677222e.jpeg","243.1"
"/assets/images/final-grading-in-edmonton-270d9ca4.webp","241.4"
"/assets/images/multi-family-property-landscaping-sod-installation-edmonton-8d809900.avif","240.7"
"/assets/images/nice-shrub-and-flower-bed-with-mulch-for-front-house-2d0d8045.avif","240.2"
"/assets/images/artificial-grass-edmonton-8494d9f8.webp","240.1"
"/assets/images/boulder-and-rock-bed-3cb3eff1.avif","240"
"/assets/images/boulder-and-rock-bed-eb389c81.avif","236.6"
"/assets/images/boulder-and-rock-bed-46a75fdc.webp","235.8"
"/assets/images/backyard-patio-firepit-retaining-wall-edmonton-1044388a.avif","235.7"
"/assets/images/fresh-sod-installation-76580d72.avif","233.5"
"/assets/images/landscape-edging-river-rock-installation-edmonton-937d1b78.jpeg","233.3"
"/assets/images/multi-family-property-landscaping-sod-installation-edmonton-a2afd10b.webp","233.1"
"/assets/images/boulder-and-rock-bed-73bbc7e8.webp","232.2"
"/assets/images/multi-family-property-landscaping-sod-installation-edmonton-8e329cd6.jpeg","232"
"/assets/images/fresh-sod-installation-3e27dc99.avif","231.7"
"/assets/images/commercial-building-landscape-installation-edmonton-d6f795e0.jpeg","231.7"
"/assets/images/commercial-landscape-background.webp","231.7"
"/assets/images/multi-family-property-landscaping-sod-installation-edmonton-fcdc3a33.avif","229.3"
"/assets/images/custom-landscape-design-front-yard-edmonton-8a383302.webp","226.4"
"/assets/images/crew-457af46f.jpeg","225.4"
"/assets/images/commercial-lawn-maintenance-in-sherwood-park.webp","223.7"
"/assets/images/landscape-edging-river-rock-installation-edmonton-463a9571.jpeg","223.6"
"/assets/images/commercial-landscape-design-installed-trees-mulch-sod-bad6ac28.avif","223.5"
"/assets/images/final-grading-in-edmonton-b46f354f.jpeg","223.1"
"/assets/images/crew-9846cdc6.jpeg","223"
"/assets/images/multi-family-property-landscaping-sod-installation-edmonton-a2236ea3.webp","220.7"
"/assets/images/lush-grass-looking-in-edmonton-e7583fc2.avif","217.6"
"/assets/images/final-grading-in-edmonton-8bf42ee7.avif","217.5"
"/assets/images/landscape-edging-river-rock-installation-edmonton-45b07018.webp","216.4"
"/assets/images/Lush-looking-artificial-turf-19462627.webp","214.9"
"/assets/images/landscape-edging-river-rock-installation-edmonton-9aa12188.avif","214.7"
"/assets/images/commercial-building-landscape-installation-edmonton-c506e6bb.avif","214.4"
"/assets/images/fresh-sod-installation-a89aed0a.jpeg","212.3"
"/assets/images/nice-shrub-and-flower-bed-with-mulch-for-front-house-407e3a34.jpeg","212"
"/assets/images/lush-grass-looking-in-edmonton-ca89020f.jpeg","211.1"
"/assets/images/commercial-landscape-design-installed-trees-mulch-sod-4bdc046f.webp","210.9"
"/assets/images/multi-family-property-landscaping-sod-installation-edmonton-30e9ce60.webp","210.6"
"/assets/images/nice-shrub-and-flower-bed-with-mulch-for-front-house-bd594476.webp","208.5"
"/assets/images/landscape-edging-river-rock-installation-edmonton-2b281997.jpeg","208.4"
"/assets/images/nice-shrub-and-flower-bed-with-mulch-for-front-house-a0fa7ce1.avif","208.2"
"/assets/images/boulder-and-rock-bed-8decd89b.jpeg","207.5"
"/assets/images/garden-wall-sherwood-park-8a1cdc7d.jpeg","207.4"
"/assets/images/services-hardscaping-home-d45f6029.webp","205.5"
"/assets/images/landscape-edging-river-rock-installation-edmonton-a2a75015.avif","205.4"
"/assets/images/commercial-landscaping-service-station-edmonton-7ac4fcd9.jpeg","205.4"
"/assets/images/multi-family-property-landscaping-sod-installation-edmonton-20ffb165.webp","202.4"
