"Page","SchemaCount"
"/index.html","3"
"/about/index.html","1"
"/admin/index.html","0"
"/blog/index.html","0"
"/blog/acuti-modo/index.html","1"
"/blog/best-mulch-edmonton/index.html","0"
"/blog/best-time-install-sod-edmonton/index.html","0"
"/blog/canitiem-saxa/index.html","1"
"/blog/choose-landscaper-edmonton/index.html","0"
"/blog/final-grading-edmonton/index.html","0"
"/blog/lawn-problems-edmonton/index.html","0"
"/blog/patio-cost-edmonton/index.html","0"
"/blog/prepare-snow-removal-edmonton/index.html","0"
"/blog/retaining-wall-cost-edmonton/index.html","0"
"/blog/spring-lawn-care-edmonton/index.html","0"
"/blog/sucos-creati/index.html","1"
"/commercial/index.html","2"
"/commercial/commercial-landscaping/index.html","2"
"/commercial/commercial-maintenance/index.html","2"
"/commercial/commercial-snow-removal/index.html","2"
"/contact/index.html","1"
"/final-grading/edmonton/index.html","1"
"/final-grading/sherwood-park/index.html","1"
"/final-grading/st-albert/index.html","1"
"/hardscaping/edmonton/index.html","1"
"/hardscaping/st-albert/index.html","1"
"/locations/edmonton/index.html","2"
"/locations/sherwood-park/index.html","2"
"/locations/spruce-grove/index.html","0"
"/locations/st-albert/index.html","2"
"/locations/stony-plain/index.html","0"
"/paving-stones/edmonton/index.html","1"
"/paving-stones/st-albert/index.html","1"
"/portfolio/index.html","0"
"/project-one/index.html","0"
"/project-two/index.html","0"
"/residential/index.html","2"
"/resources/residential-vs-commercial-lawn-maintenance/index.html","0"
"/resources/spring-vs-fall-cleanup/index.html","0"
"/reviews/index.html","0"
"/services/artificial-grass/index.html","2"
"/services/fences/index.html","2"
"/services/final-grading/index.html","2"
"/services/hardscaping/index.html","2"
"/services/landscape-design/index.html","2"
"/services/lawn-maintenance/index.html","2"
"/services/paving-stones/index.html","1"
"/services/snow-removal/index.html","2"
"/services/sod-installation/index.html","2"
"/sod-installation/edmonton/index.html","1"
"/sod-installation/sherwood-park/index.html","1"
"/sod-installation/st-albert/index.html","1"
